
<workflow-app name="Shell" xmlns="uri:oozie:workflow:0.4">
    <start to="Shell"/>
    <action name="Shell">
        <shell xmlns="uri:oozie:shell-action:0.1">
            <job-tracker>${jobTracker}</job-tracker>
            <name-node>${nameNode}</name-node>
            <exec>hello.py</exec>
              <argument>World!</argument>
            <file>hello.py#hello.py</file>
              <capture-output/>
        </shell>
        <ok to="end"/>
        <error to="kill"/>
    </action>
    <kill name="kill">
        <message>Action failed, error message[${wf:errorMessage(wf:lastErrorNode())}]</message>
    </kill>
    <end name="end"/>
</workflow-app>
