
<workflow-app name="Hive" xmlns="uri:oozie:workflow:0.4">
    <start to="Hive"/>
    <action name="Hive">
        <hive xmlns="uri:oozie:hive-action:0.2">
            <job-tracker>${jobTracker}</job-tracker>
            <name-node>${nameNode}</name-node>
              <job-xml>hive-config.xml</job-xml>
            <script>hive.sql</script>
            <file>hive-config.xml#hive-config.xml</file>
        </hive>
        <ok to="end"/>
        <error to="kill"/>
    </action>
    <kill name="kill">
        <message>Action failed, error message[${wf:errorMessage(wf:lastErrorNode())}]</message>
    </kill>
    <end name="end"/>
</workflow-app>
